pseudo,password_hash,avatar,tokens,badge_progression,badge_wins,badge_tokens,badge_blackjack,badge_first_friend,badge_multiplayer,badge_first_skin,created_at
AceKing,$2b$12$v60tvkk6EWCTXZK.f2SkLOp0IYgLzHc1yIgvHv9ZXYC5QloyPNSjG,,13299,0,0,4,2,false,false,true,2026-02-08T09:51:36.549Z
LuckyJack,$2b$12$v60tvkk6EWCTXZK.f2SkLOp0IYgLzHc1yIgvHv9ZXYC5QloyPNSjG,,5554,5,3,3,1,false,false,true,2026-03-03T09:51:36.550Z
DarkAce,$2b$12$v60tvkk6EWCTXZK.f2SkLOp0IYgLzHc1yIgvHv9ZXYC5QloyPNSjG,,12550,0,5,4,0,true,true,true,2026-01-12T09:51:36.550Z
QueenB,$2b$12$v60tvkk6EWCTXZK.f2SkLOp0IYgLzHc1yIgvHv9ZXYC5QloyPNSjG,,11138,0,2,4,0,true,false,false,2026-03-16T09:51:36.550Z
CardShark99,$2b$12$v60tvkk6EWCTXZK.f2SkLOp0IYgLzHc1yIgvHv9ZXYC5QloyPNSjG,,5668,2,3,3,0,true,true,false,2026-02-12T09:51:36.550Z
Bluff_Master,$2b$12$v60tvkk6EWCTXZK.f2SkLOp0IYgLzHc1yIgvHv9ZXYC5QloyPNSjG,,2216,5,1,2,0,false,true,false,2026-03-27T09:51:36.550Z
HighRoller,$2b$12$v60tvkk6EWCTXZK.f2SkLOp0IYgLzHc1yIgvHv9ZXYC5QloyPNSjG,,663,3,2,1,3,true,false,true,2026-02-27T09:51:36.550Z
VegasKing,$2b$12$v60tvkk6EWCTXZK.f2SkLOp0IYgLzHc1yIgvHv9ZXYC5QloyPNSjG,,8551,3,4,3,0,true,true,false,2026-01-19T09:51:36.550Z
NightOwl,$2b$12$v60tvkk6EWCTXZK.f2SkLOp0IYgLzHc1yIgvHv9ZXYC5QloyPNSjG,,5866,4,4,3,2,true,true,true,2026-03-27T09:51:36.550Z
SplitMaster,$2b$12$v60tvkk6EWCTXZK.f2SkLOp0IYgLzHc1yIgvHv9ZXYC5QloyPNSjG,,828,1,4,1,1,false,true,true,2026-01-06T09:51:36.550Z
PokerFace_,$2b$12$v60tvkk6EWCTXZK.f2SkLOp0IYgLzHc1yIgvHv9ZXYC5QloyPNSjG,,9335,5,2,3,2,false,false,true,2026-03-27T09:51:36.550Z
ChipLeader,$2b$12$v60tvkk6EWCTXZK.f2SkLOp0IYgLzHc1yIgvHv9ZXYC5QloyPNSjG,,6599,4,4,3,1,false,true,true,2026-01-18T09:51:36.550Z
RoyalFlush,$2b$12$v60tvkk6EWCTXZK.f2SkLOp0IYgLzHc1yIgvHv9ZXYC5QloyPNSjG,,7312,3,0,3,0,false,false,false,2026-01-22T09:51:36.550Z
DoublDown,$2b$12$v60tvkk6EWCTXZK.f2SkLOp0IYgLzHc1yIgvHv9ZXYC5QloyPNSjG,,2330,2,5,2,3,true,true,true,2026-02-13T09:51:36.550Z
HitMeUp,$2b$12$v60tvkk6EWCTXZK.f2SkLOp0IYgLzHc1yIgvHv9ZXYC5QloyPNSjG,,8402,4,5,3,1,true,false,false,2026-02-18T09:51:36.550Z
AllIn_Alex,$2b$12$v60tvkk6EWCTXZK.f2SkLOp0IYgLzHc1yIgvHv9ZXYC5QloyPNSjG,,15085,5,4,4,3,false,false,true,2026-02-01T09:51:36.550Z
CasinoNova,$2b$12$v60tvkk6EWCTXZK.f2SkLOp0IYgLzHc1yIgvHv9ZXYC5QloyPNSjG,,5903,3,3,3,1,true,true,true,2026-02-09T09:51:36.550Z
JackPot21,$2b$12$v60tvkk6EWCTXZK.f2SkLOp0IYgLzHc1yIgvHv9ZXYC5QloyPNSjG,,2111,5,0,2,0,true,true,false,2026-03-18T09:51:36.550Z
BustOrBust,$2b$12$v60tvkk6EWCTXZK.f2SkLOp0IYgLzHc1yIgvHv9ZXYC5QloyPNSjG,,13101,2,4,4,2,false,false,false,2026-03-11T09:51:36.550Z
DealersDream,$2b$12$v60tvkk6EWCTXZK.f2SkLOp0IYgLzHc1yIgvHv9ZXYC5QloyPNSjG,,10148,1,5,4,2,true,true,true,2026-01-09T09:51:36.550Z
NoobPlayer,$2b$12$v60tvkk6EWCTXZK.f2SkLOp0IYgLzHc1yIgvHv9ZXYC5QloyPNSjG,,4525,0,5,2,1,true,false,false,2026-02-28T09:51:36.550Z
BlackJackPro,$2b$12$v60tvkk6EWCTXZK.f2SkLOp0IYgLzHc1yIgvHv9ZXYC5QloyPNSjG,,12425,0,4,4,3,true,false,true,2026-02-26T09:51:36.550Z
TokenKing,$2b$12$v60tvkk6EWCTXZK.f2SkLOp0IYgLzHc1yIgvHv9ZXYC5QloyPNSjG,,11588,2,0,4,3,false,false,true,2026-03-04T09:51:36.550Z
LuckyCharm,$2b$12$v60tvkk6EWCTXZK.f2SkLOp0IYgLzHc1yIgvHv9ZXYC5QloyPNSjG,,2112,5,3,2,1,true,true,false,2026-01-10T09:51:36.550Z
AceOfSpades,$2b$12$v60tvkk6EWCTXZK.f2SkLOp0IYgLzHc1yIgvHv9ZXYC5QloyPNSjG,,12649,0,2,4,1,true,false,false,2026-02-04T09:51:36.550Z
BigBet_Bob,$2b$12$v60tvkk6EWCTXZK.f2SkLOp0IYgLzHc1yIgvHv9ZXYC5QloyPNSjG,,8427,4,3,3,2,true,false,false,2026-03-04T09:51:36.550Z
CoolDealer,$2b$12$v60tvkk6EWCTXZK.f2SkLOp0IYgLzHc1yIgvHv9ZXYC5QloyPNSjG,,11320,5,2,4,2,false,true,false,2026-02-19T09:51:36.550Z
DiamondHand,$2b$12$v60tvkk6EWCTXZK.f2SkLOp0IYgLzHc1yIgvHv9ZXYC5QloyPNSjG,,5493,2,0,3,3,true,false,false,2026-01-18T09:51:36.550Z
EasyWin,$2b$12$v60tvkk6EWCTXZK.f2SkLOp0IYgLzHc1yIgvHv9ZXYC5QloyPNSjG,,10536,0,4,4,2,true,true,false,2026-03-29T09:51:36.550Z
FastPlay,$2b$12$v60tvkk6EWCTXZK.f2SkLOp0IYgLzHc1yIgvHv9ZXYC5QloyPNSjG,,14376,5,3,4,0,true,false,false,2026-03-05T09:51:36.550Z
GoldRush,$2b$12$v60tvkk6EWCTXZK.f2SkLOp0IYgLzHc1yIgvHv9ZXYC5QloyPNSjG,,9975,4,5,3,1,true,true,false,2026-01-19T09:51:36.550Z
HotStreak,$2b$12$v60tvkk6EWCTXZK.f2SkLOp0IYgLzHc1yIgvHv9ZXYC5QloyPNSjG,,12741,1,2,4,1,true,false,false,2026-02-23T09:51:36.550Z
IceCold,$2b$12$v60tvkk6EWCTXZK.f2SkLOp0IYgLzHc1yIgvHv9ZXYC5QloyPNSjG,,1853,0,2,2,0,false,true,false,2026-01-05T09:51:36.550Z
JokerWild,$2b$12$v60tvkk6EWCTXZK.f2SkLOp0IYgLzHc1yIgvHv9ZXYC5QloyPNSjG,,2292,4,5,2,1,false,true,false,2026-01-19T09:51:36.550Z
KingPin,$2b$12$v60tvkk6EWCTXZK.f2SkLOp0IYgLzHc1yIgvHv9ZXYC5QloyPNSjG,,12024,3,2,4,1,true,true,false,2026-04-02T09:51:36.550Z
LowKey,$2b$12$v60tvkk6EWCTXZK.f2SkLOp0IYgLzHc1yIgvHv9ZXYC5QloyPNSjG,,6228,1,1,3,2,false,false,false,2026-03-25T09:51:36.550Z
MasterCard,$2b$12$v60tvkk6EWCTXZK.f2SkLOp0IYgLzHc1yIgvHv9ZXYC5QloyPNSjG,,5221,5,4,3,0,true,true,true,2026-03-28T09:51:36.550Z
NeonNight,$2b$12$v60tvkk6EWCTXZK.f2SkLOp0IYgLzHc1yIgvHv9ZXYC5QloyPNSjG,,4401,1,3,2,0,true,false,true,2026-02-06T09:51:36.550Z
OmegaBet,$2b$12$v60tvkk6EWCTXZK.f2SkLOp0IYgLzHc1yIgvHv9ZXYC5QloyPNSjG,,11474,4,0,4,2,true,true,false,2026-02-03T09:51:36.550Z
ProGamer,$2b$12$v60tvkk6EWCTXZK.f2SkLOp0IYgLzHc1yIgvHv9ZXYC5QloyPNSjG,,1950,0,4,2,1,false,true,false,2026-03-05T09:51:36.550Z
QuickDraw,$2b$12$v60tvkk6EWCTXZK.f2SkLOp0IYgLzHc1yIgvHv9ZXYC5QloyPNSjG,,4681,3,1,2,3,true,true,false,2026-01-25T09:51:36.550Z
RiskTaker,$2b$12$v60tvkk6EWCTXZK.f2SkLOp0IYgLzHc1yIgvHv9ZXYC5QloyPNSjG,,10965,0,4,4,0,false,true,false,2026-03-28T09:51:36.550Z
ShadowPlay,$2b$12$v60tvkk6EWCTXZK.f2SkLOp0IYgLzHc1yIgvHv9ZXYC5QloyPNSjG,,10575,4,4,4,0,false,false,false,2026-01-27T09:51:36.550Z
TopDog,$2b$12$v60tvkk6EWCTXZK.f2SkLOp0IYgLzHc1yIgvHv9ZXYC5QloyPNSjG,,7114,5,3,3,0,true,true,false,2026-02-23T09:51:36.550Z
UltraBet,$2b$12$v60tvkk6EWCTXZK.f2SkLOp0IYgLzHc1yIgvHv9ZXYC5QloyPNSjG,,543,4,2,1,0,false,false,false,2026-02-20T09:51:36.550Z
VIPplayer,$2b$12$v60tvkk6EWCTXZK.f2SkLOp0IYgLzHc1yIgvHv9ZXYC5QloyPNSjG,,14833,0,5,4,3,false,true,false,2026-03-13T09:51:36.550Z
WildCard,$2b$12$v60tvkk6EWCTXZK.f2SkLOp0IYgLzHc1yIgvHv9ZXYC5QloyPNSjG,,7725,3,5,3,1,false,true,false,2026-02-13T09:51:36.550Z
Xfactor,$2b$12$v60tvkk6EWCTXZK.f2SkLOp0IYgLzHc1yIgvHv9ZXYC5QloyPNSjG,,13229,5,3,4,0,true,true,false,2026-03-08T09:51:36.550Z
YoloBet,$2b$12$v60tvkk6EWCTXZK.f2SkLOp0IYgLzHc1yIgvHv9ZXYC5QloyPNSjG,,14474,1,5,4,2,true,false,true,2026-02-14T09:51:36.550Z
ZeroFear,$2b$12$v60tvkk6EWCTXZK.f2SkLOp0IYgLzHc1yIgvHv9ZXYC5QloyPNSjG,,5686,0,2,3,3,true,true,false,2026-04-02T09:51:36.550Z
AlphaAce,$2b$12$v60tvkk6EWCTXZK.f2SkLOp0IYgLzHc1yIgvHv9ZXYC5QloyPNSjG,,7898,1,2,3,3,true,true,false,2026-03-28T09:51:36.550Z
BetaBluff,$2b$12$v60tvkk6EWCTXZK.f2SkLOp0IYgLzHc1yIgvHv9ZXYC5QloyPNSjG,,10292,2,1,4,2,false,true,false,2026-04-03T09:51:36.550Z
CharlieChip,$2b$12$v60tvkk6EWCTXZK.f2SkLOp0IYgLzHc1yIgvHv9ZXYC5QloyPNSjG,,13585,1,1,4,1,false,true,true,2026-03-25T09:51:36.550Z
DeltaDeal,$2b$12$v60tvkk6EWCTXZK.f2SkLOp0IYgLzHc1yIgvHv9ZXYC5QloyPNSjG,,3739,2,3,2,1,false,true,true,2026-01-23T09:51:36.550Z
EchoEdge,$2b$12$v60tvkk6EWCTXZK.f2SkLOp0IYgLzHc1yIgvHv9ZXYC5QloyPNSjG,,11916,3,1,4,1,true,true,false,2026-02-02T09:51:36.550Z
FoxtrotFlip,$2b$12$v60tvkk6EWCTXZK.f2SkLOp0IYgLzHc1yIgvHv9ZXYC5QloyPNSjG,,4069,0,5,2,0,false,false,true,2026-03-26T09:51:36.550Z
GolfGamble,$2b$12$v60tvkk6EWCTXZK.f2SkLOp0IYgLzHc1yIgvHv9ZXYC5QloyPNSjG,,6919,1,0,3,1,true,false,false,2026-02-22T09:51:36.550Z
HotelHand,$2b$12$v60tvkk6EWCTXZK.f2SkLOp0IYgLzHc1yIgvHv9ZXYC5QloyPNSjG,,8210,0,2,3,2,true,false,false,2026-02-10T09:51:36.550Z
IndigoIce,$2b$12$v60tvkk6EWCTXZK.f2SkLOp0IYgLzHc1yIgvHv9ZXYC5QloyPNSjG,,4851,2,0,2,2,true,false,true,2026-01-23T09:51:36.550Z
JulietJack,$2b$12$v60tvkk6EWCTXZK.f2SkLOp0IYgLzHc1yIgvHv9ZXYC5QloyPNSjG,,4102,4,5,2,2,true,true,false,2026-01-14T09:51:36.550Z
KiloKing,$2b$12$v60tvkk6EWCTXZK.f2SkLOp0IYgLzHc1yIgvHv9ZXYC5QloyPNSjG,,3619,1,5,2,1,true,true,false,2026-02-10T09:51:36.550Z
LimaLuck,$2b$12$v60tvkk6EWCTXZK.f2SkLOp0IYgLzHc1yIgvHv9ZXYC5QloyPNSjG,,997,0,0,1,1,true,false,false,2026-02-20T09:51:36.550Z
MikeMax,$2b$12$v60tvkk6EWCTXZK.f2SkLOp0IYgLzHc1yIgvHv9ZXYC5QloyPNSjG,,8101,5,0,3,2,true,false,false,2026-03-22T09:51:36.550Z
NovemberNine,$2b$12$v60tvkk6EWCTXZK.f2SkLOp0IYgLzHc1yIgvHv9ZXYC5QloyPNSjG,,13003,4,4,4,0,true,true,true,2026-01-20T09:51:36.550Z
OscarOdds,$2b$12$v60tvkk6EWCTXZK.f2SkLOp0IYgLzHc1yIgvHv9ZXYC5QloyPNSjG,,14189,3,2,4,1,true,true,false,2026-03-05T09:51:36.550Z
PapaPoker,$2b$12$v60tvkk6EWCTXZK.f2SkLOp0IYgLzHc1yIgvHv9ZXYC5QloyPNSjG,,13151,3,3,4,3,false,true,true,2026-01-28T09:51:36.550Z
QuebecQueen,$2b$12$v60tvkk6EWCTXZK.f2SkLOp0IYgLzHc1yIgvHv9ZXYC5QloyPNSjG,,6721,0,5,3,3,true,false,false,2026-01-24T09:51:36.550Z
RomeoRisk,$2b$12$v60tvkk6EWCTXZK.f2SkLOp0IYgLzHc1yIgvHv9ZXYC5QloyPNSjG,,7116,4,3,3,2,true,true,true,2026-01-13T09:51:36.550Z
SierraSlot,$2b$12$v60tvkk6EWCTXZK.f2SkLOp0IYgLzHc1yIgvHv9ZXYC5QloyPNSjG,,7953,3,4,3,0,true,true,true,2026-01-28T09:51:36.550Z
TangoToken,$2b$12$v60tvkk6EWCTXZK.f2SkLOp0IYgLzHc1yIgvHv9ZXYC5QloyPNSjG,,8564,3,1,3,1,true,true,true,2026-01-20T09:51:36.550Z
UniformUp,$2b$12$v60tvkk6EWCTXZK.f2SkLOp0IYgLzHc1yIgvHv9ZXYC5QloyPNSjG,,210,4,0,0,3,true,false,false,2026-03-20T09:51:36.550Z
VictorVegas,$2b$12$v60tvkk6EWCTXZK.f2SkLOp0IYgLzHc1yIgvHv9ZXYC5QloyPNSjG,,6240,4,5,3,2,false,false,true,2026-01-25T09:51:36.550Z
WhiskeyWin,$2b$12$v60tvkk6EWCTXZK.f2SkLOp0IYgLzHc1yIgvHv9ZXYC5QloyPNSjG,,4348,3,0,2,0,true,true,false,2026-02-25T09:51:36.550Z
XrayXtra,$2b$12$v60tvkk6EWCTXZK.f2SkLOp0IYgLzHc1yIgvHv9ZXYC5QloyPNSjG,,14065,4,0,4,1,false,true,true,2026-01-12T09:51:36.550Z
YankeeYolo,$2b$12$v60tvkk6EWCTXZK.f2SkLOp0IYgLzHc1yIgvHv9ZXYC5QloyPNSjG,,9191,1,5,3,2,true,true,false,2026-02-17T09:51:36.550Z
ZuluZone,$2b$12$v60tvkk6EWCTXZK.f2SkLOp0IYgLzHc1yIgvHv9ZXYC5QloyPNSjG,,12542,4,5,4,0,false,true,false,2026-03-27T09:51:36.550Z
Ace2024,$2b$12$v60tvkk6EWCTXZK.f2SkLOp0IYgLzHc1yIgvHv9ZXYC5QloyPNSjG,,1184,0,2,2,0,false,true,false,2026-02-11T09:51:36.550Z
BetMaster,$2b$12$v60tvkk6EWCTXZK.f2SkLOp0IYgLzHc1yIgvHv9ZXYC5QloyPNSjG,,13321,2,3,4,2,true,false,false,2026-03-10T09:51:36.550Z
CashFlow,$2b$12$v60tvkk6EWCTXZK.f2SkLOp0IYgLzHc1yIgvHv9ZXYC5QloyPNSjG,,14653,1,4,4,3,true,false,false,2026-02-02T09:51:36.550Z
DiceRoll,$2b$12$v60tvkk6EWCTXZK.f2SkLOp0IYgLzHc1yIgvHv9ZXYC5QloyPNSjG,,8597,2,1,3,1,false,true,false,2026-01-31T09:51:36.550Z
EliteBet,$2b$12$v60tvkk6EWCTXZK.f2SkLOp0IYgLzHc1yIgvHv9ZXYC5QloyPNSjG,,6210,2,0,3,2,true,false,false,2026-02-05T09:51:36.550Z
FlipCoin,$2b$12$v60tvkk6EWCTXZK.f2SkLOp0IYgLzHc1yIgvHv9ZXYC5QloyPNSjG,,4766,4,4,2,1,true,true,false,2026-02-21T09:51:36.550Z
GrandSlam,$2b$12$v60tvkk6EWCTXZK.f2SkLOp0IYgLzHc1yIgvHv9ZXYC5QloyPNSjG,,13261,1,2,4,2,false,true,true,2026-04-01T09:51:36.550Z
HighCard,$2b$12$v60tvkk6EWCTXZK.f2SkLOp0IYgLzHc1yIgvHv9ZXYC5QloyPNSjG,,6511,4,2,3,0,false,true,true,2026-02-09T09:51:36.550Z
IronBet,$2b$12$v60tvkk6EWCTXZK.f2SkLOp0IYgLzHc1yIgvHv9ZXYC5QloyPNSjG,,2281,5,2,2,0,false,true,false,2026-01-30T09:51:36.550Z
JadeJoker,$2b$12$v60tvkk6EWCTXZK.f2SkLOp0IYgLzHc1yIgvHv9ZXYC5QloyPNSjG,,4143,2,5,2,1,true,false,false,2026-02-13T09:51:36.550Z
KryptoKing,$2b$12$v60tvkk6EWCTXZK.f2SkLOp0IYgLzHc1yIgvHv9ZXYC5QloyPNSjG,,1852,2,2,2,1,true,true,true,2026-02-28T09:51:36.550Z
LionHeart,$2b$12$v60tvkk6EWCTXZK.f2SkLOp0IYgLzHc1yIgvHv9ZXYC5QloyPNSjG,,8247,3,0,3,1,true,true,true,2026-03-18T09:51:36.550Z
MoonBet,$2b$12$v60tvkk6EWCTXZK.f2SkLOp0IYgLzHc1yIgvHv9ZXYC5QloyPNSjG,,4010,4,4,2,1,true,true,false,2026-02-01T09:51:36.550Z
NightAce,$2b$12$v60tvkk6EWCTXZK.f2SkLOp0IYgLzHc1yIgvHv9ZXYC5QloyPNSjG,,6079,2,4,3,3,true,true,false,2026-03-12T09:51:36.550Z
OpalOdds,$2b$12$v60tvkk6EWCTXZK.f2SkLOp0IYgLzHc1yIgvHv9ZXYC5QloyPNSjG,,10240,5,4,4,1,true,true,false,2026-01-13T09:51:36.550Z
PlatinumPlay,$2b$12$v60tvkk6EWCTXZK.f2SkLOp0IYgLzHc1yIgvHv9ZXYC5QloyPNSjG,,9620,2,1,3,1,true,true,true,2026-02-15T09:51:36.550Z
QueenOfHearts,$2b$12$v60tvkk6EWCTXZK.f2SkLOp0IYgLzHc1yIgvHv9ZXYC5QloyPNSjG,,1488,4,3,2,2,true,true,false,2026-02-21T09:51:36.550Z
RedChip,$2b$12$v60tvkk6EWCTXZK.f2SkLOp0IYgLzHc1yIgvHv9ZXYC5QloyPNSjG,,1615,0,4,2,0,true,true,false,2026-03-28T09:51:36.550Z
StarBet,$2b$12$v60tvkk6EWCTXZK.f2SkLOp0IYgLzHc1yIgvHv9ZXYC5QloyPNSjG,,8064,4,5,3,1,false,true,false,2026-01-20T09:51:36.550Z
ThunderAce,$2b$12$v60tvkk6EWCTXZK.f2SkLOp0IYgLzHc1yIgvHv9ZXYC5QloyPNSjG,,8567,4,1,3,3,false,false,true,2026-03-26T09:51:36.550Z
UltraChip,$2b$12$v60tvkk6EWCTXZK.f2SkLOp0IYgLzHc1yIgvHv9ZXYC5QloyPNSjG,,2902,1,2,2,1,true,true,false,2026-01-23T09:51:36.550Z
VelvetBet,$2b$12$v60tvkk6EWCTXZK.f2SkLOp0IYgLzHc1yIgvHv9ZXYC5QloyPNSjG,,9316,4,3,3,0,true,true,true,2026-01-28T09:51:36.550Z
WolfPack,$2b$12$v60tvkk6EWCTXZK.f2SkLOp0IYgLzHc1yIgvHv9ZXYC5QloyPNSjG,,13756,0,2,4,2,true,false,false,2026-03-13T09:51:36.550Z
XtremePlay,$2b$12$v60tvkk6EWCTXZK.f2SkLOp0IYgLzHc1yIgvHv9ZXYC5QloyPNSjG,,2292,3,2,2,0,true,true,false,2026-01-26T09:51:36.550Z
